[
  {
    "value": "-08:00|America/Anchorage",
    "timezone": "America/Anchorage",
    "timezone_offset": "-08:00",
    "timezone_city": "Alaska",
    "show1": "(GMT-08:00)Alaska",
    "show": "Alaska Standard Time"
  },
  {
    "value": "-07:00|America/Los_Angeles",
    "timezone": "America/Los_Angeles",
    "timezone_offset": "-07:00",
    "timezone_city": "Pacific Time (US  Canada)",
    "show1":"(GMT-07:00)Pacific Time (US  Canada)",
    "show":"Pacific Standard Time"
  },
  {
    "value": "-06:00|America/Denver",
    "timezone": "America/Denver",
    "timezone_offset": "-06:00",
    "timezone_city": "Mountain Time (GMT-06:00)",
    "show1":"(GMT-06:00) Mountain Time (US  Canada)",
    "show":"Mountain Standard Time(GMT-06:00)"
  },
  {
    "value": "-07:00|America/Phoenix",
    "timezone": "America/Phoenix",
    "timezone_offset": "-07:00",
    "timezone_city": "Mountain Time (GMT-07:00) (no DST)",
    "show1":"(GMT-07:00) Mountain Time (US  Canada)",
    "show":"Mountain Standard Time(GMT-07:00) (no DST)"
  },
  {
    "value": "-05:00|America/Chicago",
    "timezone": "America/Chicago",
    "timezone_offset": "-05:00",
    "timezone_city": "Central Time (US  Canada)",
    "show1":"(GMT-05:00) Central Time (US  Canada)",
    "show":"Central Standard Time"
  },
  {
    "value": "-04:00|America/New_York",
    "timezone": "America/New_York",
    "timezone_offset": "-04:00",
    "timezone_city": "Eastern Time (US  Canada)",
    "show1":"(GMT-04:00) Eastern Time (US  Canada)",
    "show":"Eastern Standard Time"
  },
  {
    "value": "-10:00|Pacific/Honolulu",
    "timezone": "Pacific/Honolulu",
    "timezone_offset": "-10:00",
    "timezone_city": "Hawaii",
    "show1":"(GMT-10:00)Hawaii",
    "show":"Hawaii Standard Time"
  }
]