{"__symbolic":"module","version":4,"metadata":{"ServicelibService":{"__symbolic":"class","decorators":[{"__symbolic":"call","expression":{"__symbolic":"reference","module":"@angular/core","name":"Injectable","line":10,"character":1},"arguments":[{"providedIn":"root"}]}],"members":{"__ctor__":[{"__symbolic":"constructor","parameters":[{"__symbolic":"reference","module":"@angular/common/http","name":"HttpClient","line":31,"character":29},{"__symbolic":"reference","module":"@angular/common/http","name":"HttpClient","line":31,"character":29},{"__symbolic":"reference","module":"ngx-cookie-service","name":"CookieService","line":31,"character":95}]}],"isTokenExpired":[{"__symbolic":"method"}],"addData":[{"__symbolic":"method"}],"UpdateData":[{"__symbolic":"method"}],"getData":[{"__symbolic":"method"}],"deleteSingleData":[{"__symbolic":"method"}],"deleteMultipleData":[{"__symbolic":"method"}],"UpdateStatusForSingleData":[{"__symbolic":"method"}],"UpdateStatusForMultipleData":[{"__symbolic":"method"}],"CustomRequest":[{"__symbolic":"method"}]},"statics":{"ngInjectableDef":{}}},"ServicelibComponent":{"__symbolic":"class","decorators":[{"__symbolic":"call","expression":{"__symbolic":"reference","module":"@angular/core","name":"Component","line":2,"character":1},"arguments":[{"selector":"lib-servicelib","template":"<mat-card *ngIf=\"loader==true\">\n    <mat-spinner class=\"spinner\"></mat-spinner>\n</mat-card>\n\n\n<!-- ------------------------lib listing being called------------------------ -->\n<mat-card *ngIf=\"loader==false\">\n    <lib-listing class=\"formfilterdiv\"\n        *ngIf=\"serviceListConfig.datasource !=null && serviceListConfig.datasource.length > 0\"\n        [datasource]=\"serviceListConfig.datasource\" [skip]=\"serviceListConfig.listArray_skip\"\n        [modify_header_array]=\"serviceListConfig.listArray_modify_header\" [sourcedata]=\"serviceListConfig.tableName\"\n        [statusarr]=\"serviceListConfig.statusarr\" [jwttoken]=\"serviceListConfig.jwtToken\"\n        [apiurl]=\"serviceListConfig.apiUrl\" [editroute]=\"serviceListConfig.editUrl\"\n        [deleteendpoint]=\"serviceListConfig.deleteEndPoint\" [date_search_source]=\"serviceListConfig.view\"\n        [detail_datatype]=\"serviceListConfig.pendingmodelapplicationarray_detail_datatype\"\n        [date_search_endpoint]=\"serviceListConfig.listEndPoint\" [search_settings]=\"serviceListConfig.search_settings\">\n    </lib-listing>\n    <!-- ----------------------------------------------------------------------------->\n\n    <h2 *ngIf=\"serviceListConfig.datasource.length == 0\">No record found.</h2>\n</mat-card>","styles":[""]}]}],"members":{"config":[{"__symbolic":"property","decorators":[{"__symbolic":"call","expression":{"__symbolic":"reference","module":"@angular/core","name":"Input","line":16,"character":3}}]}],"__ctor__":[{"__symbolic":"constructor"}],"ngOnInit":[{"__symbolic":"method"}]}},"ServicelibModule":{"__symbolic":"class","decorators":[{"__symbolic":"call","expression":{"__symbolic":"reference","module":"@angular/core","name":"NgModule","line":13,"character":1},"arguments":[{"declarations":[{"__symbolic":"reference","name":"ServicelibComponent"},{"__symbolic":"reference","name":"ɵa"},{"__symbolic":"reference","name":"ɵb"}],"imports":[{"__symbolic":"reference","name":"ɵc"},{"__symbolic":"reference","module":"@angular/common/http","name":"HttpClientModule","line":17,"character":4},{"__symbolic":"reference","module":"@angular/router","name":"RouterModule","line":18,"character":4},{"__symbolic":"reference","module":"@ckeditor/ckeditor5-angular","name":"CKEditorModule","line":19,"character":4},{"__symbolic":"reference","module":"@angular/forms","name":"FormsModule","line":20,"character":4},{"__symbolic":"reference","module":"@angular/forms","name":"ReactiveFormsModule","line":21,"character":4},{"__symbolic":"reference","module":"@angular/common","name":"CommonModule","line":22,"character":4},{"__symbolic":"reference","module":"@angular/platform-browser","name":"BrowserModule","line":23,"character":4},{"__symbolic":"reference","module":"listing-angular7","name":"ListingModule","line":24,"character":4},{"__symbolic":"reference","module":"file-upload","name":"FileUploadModule","line":25,"character":4}],"exports":[{"__symbolic":"reference","name":"ServicelibComponent"},{"__symbolic":"reference","name":"ɵa"},{"__symbolic":"reference","name":"ɵb"}],"entryComponents":[{"__symbolic":"reference","name":"ɵb"}]}]}],"members":{}},"ɵa":{"__symbolic":"class","decorators":[{"__symbolic":"call","expression":{"__symbolic":"reference","module":"@angular/core","name":"Component","line":11,"character":1},"arguments":[{"selector":"lib-addedit-service","template":"<mat-card>\n  <mat-toolbar color=\"primary\" style=\"justify-content: center; align-items: center;\">\n    <h2 class=\"headerSpan\">{{ header_name }}</h2>\n  </mat-toolbar>\n  <span class=\"formspan\">\n    <mat-card-content class=\"example-container\">\n\n\n      <form [formGroup]=\"serviceForm\" autocomplete=\"off\" (ngSubmit)=\"onSubmit()\">\n\n\n\n        <!-- ------------------------------service title------------------- -->\n        <mat-form-field>\n          <input matInput placeholder=\"Service title\" formControlName=\"service_title\"\n            (blur)=\"inputBlur('service_title')\">\n          <mat-error *ngIf=\"serviceForm.controls['service_title']?.touched || serviceForm.controls['service_title'].errors \n          && serviceForm.controls['service_title'].errors.required\">Service title is required.</mat-error>\n        </mat-form-field><br>\n        <!-- -------------------------------------------------------------- -->\n\n\n\n        <!-- --------------------------------description------------------- -->\n        <ckeditor [editor]=\"Editor\" [config]=\"editorConfig\" formControlName=\"service_desc\"\n          (blur)=\"inputBlur('service_desc')\"></ckeditor>\n        <mat-error *ngIf=\"serviceForm.controls['service_desc']?.touched || serviceForm.controls['service_desc']?.touched && \n        serviceForm.controls['service_desc'].errors \n          && serviceForm.controls['service_desc'].errors.required\">Please write a testimonial.</mat-error>\n        <br>\n        <!-- -------------------------------------------------------------- -->\n\n\n        <!-- --------------------------------priority------------------- -->\n        <mat-form-field>\n          <input matInput type=\"number\" placeholder=\"Priority\" formControlName=\"priority\"\n            (blur)=\"inputBlur('priority')\">\n          <mat-error *ngIf=\"serviceForm.controls['priority']?.touched || serviceForm.controls['priority'].errors \n          && serviceForm.controls['priority'].errors.required\">Priority is required.</mat-error>\n        </mat-form-field><br>\n        <!-- -------------------------------------------------------------- -->\n\n\n        <!-- --------------------------------status------------------- -->\n        <mat-label>Status:</mat-label><br>\n        <mat-checkbox color=\"primary\" formControlName=\"status\">Active</mat-checkbox><br>\n        <!-- -------------------------------------------------------------- -->\n\n\n\n\n        <!-- ______________________________________________FORM ARRAY_________________________________________ -->\n\n        <div formArrayName=\"bulletarr\" class=\"bulletarr\"\n          *ngFor=\"let blist of serviceForm.controls.bulletarr?.value; let i = index; trackBy: trackByFn\">\n          <ng-container [formGroupName]=\"i\">\n            <div class=\"top_header\">\n              bullet list\n            </div>\n            <!-- ------------bullet title-----------  -->\n            <mat-form-field>\n              <input matInput formControlName=\"bullet_title\" placeholder=\"Bullet title\">\n              <mat-icon matSuffix>title</mat-icon>\n            </mat-form-field><br>\n            <!-- -----------------------------------  -->\n\n\n            <!-- --------------------bullet description-----------------  -->\n            <mat-form-field>\n              <textarea matInput formControlName=\"bullet_desc\" placeholder=\"Bullet description\"></textarea>\n              <mat-icon matSuffix>format_list_bulleted</mat-icon>\n            </mat-form-field><br>\n            <!-- ----------------------------------------------------------  -->\n          </ng-container>\n          <button (click)=\"addBulletList('','')\" type=\"button\">\n            <mat-icon>add</mat-icon>\n          </button>\n          <button (click)=\"deleteBulletList()\" *ngIf=\"i!=0\" type=\"button\">\n            <mat-icon>remove</mat-icon>\n          </button>\n        </div>\n        <!-- __________________________________________________________________________________________________________ -->\n\n        <h1>Service Image:</h1>\n        <lib-file-upload [config]=\"imageConfigData\" ></lib-file-upload>\n        <mat-error *ngIf=\"ErrCode==true\">Please add just one service image.</mat-error>\n        <!-- <mat-error *ngIf=\"serviceForm.controls['service_img'].errors && serviceForm.controls['service_img'].errors.required\">Priority is required.</mat-error> -->\n\n\n\n        <mat-card-content class=\"files-view\" *ngIf=\"flag==true\">\n          <mat-card class=\"example-card\">\n            <img mat-card-image [attr.src]=\"img_var\">\n            <mat-card-title>{{ image_name }}</mat-card-title>\n            <mat-card-subtitle>{{ image_type }}</mat-card-subtitle>\n            <span class=\"closecard\" (click)=\"clear_image()\"><i class=\"material-icons\">clear</i></span>\n          </mat-card>\n        </mat-card-content>\n\n        <span><button type=\"submit\" class=\"submitbtn\" mat-raised-button color=\"primary\">{{buttonText}}</button></span>\n        <span><button type=\"reset\" class=\"submitbtn\" mat-raised-button color=\"primary\"\n            (click)=\"resetserviceForm()\">RESET</button></span>\n\n      </form>\n    </mat-card-content>\n  </span>\n</mat-card>","styles":[".example-container{display:flex;flex-direction:column}.example-container>*{width:100%}.main-class .submitbtn{display:block;width:170px;margin:10px auto;background:#3f50b5!important;color:#fff}.main-class .material-icons{cursor:pointer}.formspan{background-color:#e7e9ea;border:6px solid #fff;border-bottom:10px solid #fff;display:inline-block;width:100%;position:relative;z-index:9}.formspan .example-container{display:flex;flex-direction:column;width:98%;padding:14px;margin-bottom:0}.formspan .form-field-span,.formspan .mat-form-field{display:inline-block;position:relative;text-align:left;width:98%;background:#fff;margin-bottom:9px;padding:1px 14px}.formspan .form-field-span .mat-checkbox,.formspan .form-field-span .mat-radio-button{padding-right:15px;padding-bottom:15px;display:inline-block}.formspan .mat-form-field-wrapper{padding-bottom:0!important}.form-field-span .mat-error{font-size:13px!important}.mat-error{color:#f44336;font-size:13px!important}button.submitbtn.mat-raised-button.mat-primary{margin-right:15px}.bulletarr{margin-top:20px;border:3px solid #3f50b4;box-sizing:border-box;margin-bottom:15px;padding:10px}.top_header{background:#3f50b4;padding:16px;color:#fff;font-weight:700;text-transform:capitalize}h1{color:#3f50b4}.files-view{background-repeat:no-repeat;background-size:cover;background-position:center;height:auto!important;width:82%;margin:20px auto;border-radius:10px;display:flex;justify-content:center;align-items:stretch;flex-wrap:wrap}.files-view .mat-card{z-index:9;margin:10px!important;display:flex;flex-wrap:wrap;justify-content:center;width:27%;position:relative}.files-view .mat-card .mat-card-actions,.files-view .mat-card .mat-card-titlt{display:inline-block;width:100%}.files-view .mat-card .mat-card-subtitle{display:inline-block;width:100%;text-align:center}.closecard{position:absolute;top:-10px;right:-8px;background:#464545;height:25px;width:25px;border-radius:50%;border:1px solid #696969;color:#fff;text-align:center;box-shadow:0 2px 6px #00000070;cursor:pointer}.closecard i{font-size:18px;line-height:27px}"]}]}],"members":{"__ctor__":[{"__symbolic":"constructor","parameters":[{"__symbolic":"reference","module":"@angular/forms","name":"FormBuilder","line":53,"character":35},{"__symbolic":"reference","name":"ServicelibService"},{"__symbolic":"reference","module":"@angular/router","name":"Router","line":54,"character":20},{"__symbolic":"reference","module":"@angular/material/dialog","name":"MatDialog","line":54,"character":43}]}],"ngOnInit":[{"__symbolic":"method"}],"config":[{"__symbolic":"property","decorators":[{"__symbolic":"call","expression":{"__symbolic":"reference","module":"@angular/core","name":"Input","line":86,"character":3}}]}],"imageUpload":[{"__symbolic":"property","decorators":[{"__symbolic":"call","expression":{"__symbolic":"reference","module":"@angular/core","name":"Input","line":91,"character":3}}]}],"generateForm":[{"__symbolic":"method"}],"setDefaultValue":[{"__symbolic":"method"}],"addBulletList":[{"__symbolic":"method"}],"deleteBulletList":[{"__symbolic":"method"}],"trackByFn":[{"__symbolic":"method"}],"onSubmit":[{"__symbolic":"method"}],"openDialog":[{"__symbolic":"method"}],"resetserviceForm":[{"__symbolic":"method"}],"inputBlur":[{"__symbolic":"method"}],"clear_image":[{"__symbolic":"method"}]}},"ɵb":{"__symbolic":"class","decorators":[{"__symbolic":"call","expression":{"__symbolic":"reference","module":"@angular/core","name":"Component","line":259,"character":1},"arguments":[{"selector":"app-modal","template":"<h1 mat-dialog-title>MESSAGE</h1>\n<div mat-dialog-content>\n   <p>{{ data.msg }}</p>\n</div>\n\n"}]}],"members":{"__ctor__":[{"__symbolic":"constructor","parameterDecorators":[null,[{"__symbolic":"call","expression":{"__symbolic":"reference","module":"@angular/core","name":"Inject","line":267,"character":5},"arguments":[{"__symbolic":"reference","module":"@angular/material/dialog","name":"MAT_DIALOG_DATA","line":267,"character":12}]}]],"parameters":[{"__symbolic":"reference","name":"MatDialogRef","module":"@angular/material/dialog","arguments":[{"__symbolic":"reference","name":"ɵb"}]},{"__symbolic":"reference","name":"any"}]}],"onNoClick":[{"__symbolic":"method"}]}},"ɵc":{"__symbolic":"class","decorators":[{"__symbolic":"call","expression":{"__symbolic":"reference","module":"@angular/core","name":"NgModule","line":43,"character":1},"arguments":[{"exports":[{"__symbolic":"reference","module":"@angular/cdk/a11y","name":"A11yModule","line":45,"character":4},{"__symbolic":"reference","module":"@angular/cdk/stepper","name":"CdkStepperModule","line":46,"character":4},{"__symbolic":"reference","module":"@angular/cdk/table","name":"CdkTableModule","line":47,"character":4},{"__symbolic":"reference","module":"@angular/cdk/tree","name":"CdkTreeModule","line":48,"character":4},{"__symbolic":"reference","module":"@angular/cdk/drag-drop","name":"DragDropModule","line":49,"character":4},{"__symbolic":"reference","module":"@angular/material/autocomplete","name":"MatAutocompleteModule","line":50,"character":4},{"__symbolic":"reference","module":"@angular/material/badge","name":"MatBadgeModule","line":51,"character":4},{"__symbolic":"reference","module":"@angular/material/bottom-sheet","name":"MatBottomSheetModule","line":52,"character":4},{"__symbolic":"reference","module":"@angular/material/button","name":"MatButtonModule","line":53,"character":4},{"__symbolic":"reference","module":"@angular/material/button-toggle","name":"MatButtonToggleModule","line":54,"character":4},{"__symbolic":"reference","module":"@angular/material/card","name":"MatCardModule","line":55,"character":4},{"__symbolic":"reference","module":"@angular/material/checkbox","name":"MatCheckboxModule","line":56,"character":4},{"__symbolic":"reference","module":"@angular/material/chips","name":"MatChipsModule","line":57,"character":4},{"__symbolic":"reference","module":"@angular/material/stepper","name":"MatStepperModule","line":58,"character":4},{"__symbolic":"reference","module":"@angular/material/datepicker","name":"MatDatepickerModule","line":59,"character":4},{"__symbolic":"reference","module":"@angular/material/dialog","name":"MatDialogModule","line":60,"character":4},{"__symbolic":"reference","module":"@angular/material/divider","name":"MatDividerModule","line":61,"character":4},{"__symbolic":"reference","module":"@angular/material/expansion","name":"MatExpansionModule","line":62,"character":4},{"__symbolic":"reference","module":"@angular/material/grid-list","name":"MatGridListModule","line":63,"character":4},{"__symbolic":"reference","module":"@angular/material/icon","name":"MatIconModule","line":64,"character":4},{"__symbolic":"reference","module":"@angular/material/input","name":"MatInputModule","line":65,"character":4},{"__symbolic":"reference","module":"@angular/material/list","name":"MatListModule","line":66,"character":4},{"__symbolic":"reference","module":"@angular/material/menu","name":"MatMenuModule","line":67,"character":4},{"__symbolic":"reference","module":"@angular/material/core","name":"MatNativeDateModule","line":68,"character":4},{"__symbolic":"reference","module":"@angular/material/paginator","name":"MatPaginatorModule","line":69,"character":4},{"__symbolic":"reference","module":"@angular/material/progress-bar","name":"MatProgressBarModule","line":70,"character":4},{"__symbolic":"reference","module":"@angular/material/progress-spinner","name":"MatProgressSpinnerModule","line":71,"character":4},{"__symbolic":"reference","module":"@angular/material/radio","name":"MatRadioModule","line":72,"character":4},{"__symbolic":"reference","module":"@angular/material/core","name":"MatRippleModule","line":73,"character":4},{"__symbolic":"reference","module":"@angular/material/select","name":"MatSelectModule","line":74,"character":4},{"__symbolic":"reference","module":"@angular/material/sidenav","name":"MatSidenavModule","line":75,"character":4},{"__symbolic":"reference","module":"@angular/material/slider","name":"MatSliderModule","line":76,"character":4},{"__symbolic":"reference","module":"@angular/material/slide-toggle","name":"MatSlideToggleModule","line":77,"character":4},{"__symbolic":"reference","module":"@angular/material/snack-bar","name":"MatSnackBarModule","line":78,"character":4},{"__symbolic":"reference","module":"@angular/material/sort","name":"MatSortModule","line":79,"character":4},{"__symbolic":"reference","module":"@angular/material/table","name":"MatTableModule","line":80,"character":4},{"__symbolic":"reference","module":"@angular/material/tabs","name":"MatTabsModule","line":81,"character":4},{"__symbolic":"reference","module":"@angular/material/toolbar","name":"MatToolbarModule","line":82,"character":4},{"__symbolic":"reference","module":"@angular/material/tooltip","name":"MatTooltipModule","line":83,"character":4},{"__symbolic":"reference","module":"@angular/material/tree","name":"MatTreeModule","line":84,"character":4},{"__symbolic":"reference","module":"@angular/cdk/portal","name":"PortalModule","line":85,"character":4},{"__symbolic":"reference","module":"@angular/cdk/scrolling","name":"ScrollingModule","line":86,"character":4}]}]}],"members":{}}},"origins":{"ServicelibService":"./lib/servicelib.service","ServicelibComponent":"./lib/servicelib.component","ServicelibModule":"./lib/servicelib.module","ɵa":"./lib/Component/addedit-service/addedit-service.component","ɵb":"./lib/Component/addedit-service/addedit-service.component","ɵc":"./lib/modules/material-module"},"importAs":"servicelib"}